<?xml version="1.0"?>
<image xmlns="http://www.vips.ecs.soton.ac.uk//dzsave" date="2025-07-28T19:00:47.222993+02" version="8.17.1">
  <properties>
    <property>
      <name>width</name>
      <value type="gint">12800</value>
    </property>
    <property>
      <name>height</name>
      <value type="gint">12800</value>
    </property>
    <property>
      <name>bands</name>
      <value type="gint">3</value>
    </property>
    <property>
      <name>xoffset</name>
      <value type="gint">0</value>
    </property>
    <property>
      <name>yoffset</name>
      <value type="gint">0</value>
    </property>
    <property>
      <name>xres</name>
      <value type="gdouble">3.9369999999999998</value>
    </property>
    <property>
      <name>yres</name>
      <value type="gdouble">3.9369999999999998</value>
    </property>
    <property>
      <name>vips-loader</name>
      <value type="VipsRefString">pngload</value>
    </property>
    <property>
      <name>bits-per-sample</name>
      <value type="gint">8</value>
    </property>
    <property>
      <name>vips-sequential</name>
      <value type="gint">1</value>
    </property>
  </properties>
</image>
