<?xml version="1.0"?>
<image xmlns="http://www.vips.ecs.soton.ac.uk//dzsave" date="2025-07-28T19:33:39.670753+02" version="8.17.1">
  <properties>
    <property>
      <name>width</name>
      <value type="gint">16000</value>
    </property>
    <property>
      <name>height</name>
      <value type="gint">16000</value>
    </property>
    <property>
      <name>bands</name>
      <value type="gint">3</value>
    </property>
    <property>
      <name>xoffset</name>
      <value type="gint">0</value>
    </property>
    <property>
      <name>yoffset</name>
      <value type="gint">0</value>
    </property>
    <property>
      <name>xres</name>
      <value type="gdouble">2.8346456692913389</value>
    </property>
    <property>
      <name>yres</name>
      <value type="gdouble">2.8346456692913389</value>
    </property>
    <property>
      <name>vips-loader</name>
      <value type="VipsRefString">jpegload</value>
    </property>
    <property>
      <name>jpeg-multiscan</name>
      <value type="gint">1</value>
    </property>
    <property>
      <name>interlaced</name>
      <value type="gint">1</value>
    </property>
    <property>
      <name>jpeg-chroma-subsample</name>
      <value type="VipsRefString">4:4:4</value>
    </property>
    <property>
      <name>resolution-unit</name>
      <value type="VipsRefString">in</value>
    </property>
    <property>
      <name>exif-ifd0-XResolution</name>
      <value type="VipsRefString">72/1 (72, Rational, 1 components, 8 bytes)</value>
    </property>
    <property>
      <name>exif-ifd0-YResolution</name>
      <value type="VipsRefString">72/1 (72, Rational, 1 components, 8 bytes)</value>
    </property>
    <property>
      <name>exif-ifd0-ResolutionUnit</name>
      <value type="VipsRefString">2 (Inch, Short, 1 components, 2 bytes)</value>
    </property>
    <property>
      <name>exif-ifd0-Software</name>
      <value type="VipsRefString">GIMP 2.10.18 (GIMP 2.10.18, ASCII, 13 components, 13 bytes)</value>
    </property>
    <property>
      <name>exif-ifd0-DateTime</name>
      <value type="VipsRefString">2020:06:18 21:08:16 (2020:06:18 21:08:16, ASCII, 20 components, 20 bytes)</value>
    </property>
    <property>
      <name>exif-ifd1-ImageWidth</name>
      <value type="VipsRefString">256 (256, Long, 1 components, 4 bytes)</value>
    </property>
    <property>
      <name>exif-ifd1-ImageLength</name>
      <value type="VipsRefString">256 (256, Long, 1 components, 4 bytes)</value>
    </property>
    <property>
      <name>exif-ifd1-BitsPerSample</name>
      <value type="VipsRefString">8 8 8 (8, 8, 8, Short, 3 components, 6 bytes)</value>
    </property>
    <property>
      <name>exif-ifd1-Compression</name>
      <value type="VipsRefString">6 (JPEG compression, Short, 1 components, 2 bytes)</value>
    </property>
    <property>
      <name>exif-ifd1-PhotometricInterpretation</name>
      <value type="VipsRefString">6 (YCbCr, Short, 1 components, 2 bytes)</value>
    </property>
    <property>
      <name>exif-ifd1-SamplesPerPixel</name>
      <value type="VipsRefString">3 (3, Short, 1 components, 2 bytes)</value>
    </property>
    <property>
      <name>exif-ifd1-XResolution</name>
      <value type="VipsRefString">72/1 (72, Rational, 1 components, 8 bytes)</value>
    </property>
    <property>
      <name>exif-ifd1-YResolution</name>
      <value type="VipsRefString">72/1 (72, Rational, 1 components, 8 bytes)</value>
    </property>
    <property>
      <name>exif-ifd1-ResolutionUnit</name>
      <value type="VipsRefString">2 (Inch, Short, 1 components, 2 bytes)</value>
    </property>
    <property>
      <name>exif-ifd2-ColorSpace</name>
      <value type="VipsRefString">1 (sRGB, Short, 1 components, 2 bytes)</value>
    </property>
    <property>
      <name>exif-ifd2-ExifVersion</name>
      <value type="VipsRefString">Exif Version 2.1 (Exif Version 2.1, Undefined, 4 components, 4 bytes)</value>
    </property>
    <property>
      <name>exif-ifd2-FlashPixVersion</name>
      <value type="VipsRefString">FlashPix Version 1.0 (FlashPix Version 1.0, Undefined, 4 components, 4 bytes)</value>
    </property>
    <property>
      <name>vips-sequential</name>
      <value type="gint">1</value>
    </property>
  </properties>
</image>
